{"stats":{"minecraft:mined":{"minecraft:jungle_log":9,"minecraft:azalea_leaves":3,"realmrpg_skeletons:quicksand_skeleton":1,"minecraft:crafting_table":2},"minecraft:crafted":{"minecraft:wooden_sword":1,"minecraft:crafting_table":1,"minecraft:stick":12,"minecraft:wooden_pickaxe":2,"minecraft:jungle_planks":32,"minecraft:wooden_axe":1},"minecraft:used":{"minecraft:wooden_axe":7,"minecraft:crafting_table":1,"minecraft:wooden_pickaxe":5},"minecraft:custom":{"minecraft:time_since_rest":835,"minecraft:crouch_one_cm":49,"minecraft:damage_taken":462,"minecraft:sprint_one_cm":23817,"minecraft:play_time":11666,"minecraft:damage_absorbed":83,"minecraft:deaths":2,"minecraft:walk_one_cm":30691,"minecraft:sneak_time":40,"minecraft:jump":143,"minecraft:damage_dealt":395,"minecraft:leave_game":2,"minecraft:walk_on_water_one_cm":178,"minecraft:time_since_death":1235,"minecraft:climb_one_cm":267,"minecraft:total_world_time":11666,"minecraft:interact_with_crafting_table":2,"minecraft:fall_one_cm":3179,"minecraft:fly_one_cm":30820},"minecraft:picked_up":{"minecraft:crafting_table":2,"minecraft:bone":2,"minecraft:jungle_log":8,"minecraft:sand":8,"alexsmobs:emu_egg":3}},"DataVersion":3465}