{"stats":{"minecraft:mined":{"minecraft:coarse_dirt":2,"minecraft:packed_mud":8,"minecraft:crafting_table":2,"minecraft:jungle_log":9,"minecraft:sand":8,"minecraft:azalea_leaves":3,"realmrpg_skeletons:quicksand_skeleton":1,"minecraft:stone":7,"minecraft:sandstone":12},"minecraft:crafted":{"minecraft:wooden_sword":1,"minecraft:crafting_table":1,"minecraft:stick":12,"minecraft:wooden_pickaxe":2,"minecraft:wooden_axe":1,"minecraft:jungle_planks":32},"minecraft:used":{"minecraft:wooden_axe":7,"minecraft:wooden_pickaxe":39,"minecraft:oak_pressure_plate":1,"minecraft:wooden_sword":33,"minecraft:crafting_table":1,"minecraft:carrot":4},"minecraft:killed":{"minecraft:pillager":5},"minecraft:custom":{"minecraft:time_since_rest":7839,"minecraft:sprint_one_cm":54182,"minecraft:walk_one_cm":85754,"minecraft:damage_taken":870,"minecraft:damage_absorbed":108,"minecraft:trigger_trapped_chest":1,"minecraft:mob_kills":5,"tombstone:raider_killed":5,"minecraft:damage_dealt":1500,"minecraft:interact_with_crafting_table":2,"minecraft:fly_one_cm":57023,"minecraft:open_chest":3,"minecraft:crouch_one_cm":204,"minecraft:play_time":23666,"minecraft:deaths":3,"minecraft:sneak_time":52,"minecraft:jump":311,"minecraft:leave_game":2,"minecraft:time_since_death":9232,"minecraft:walk_on_water_one_cm":1382,"minecraft:total_world_time":23666,"minecraft:climb_one_cm":267,"minecraft:fall_one_cm":5714},"minecraft:picked_up":{"minecraft:sandstone":12,"minecraft:coarse_dirt":2,"minecraft:crafting_table":2,"minecraft:jungle_log":8,"minecraft:oak_pressure_plate":1,"minecraft:packed_mud":8,"minecraft:sand":13,"minecraft:white_banner":1,"minecraft:bone":2,"alexsmobs:emu_egg":3,"minecraft:cobblestone":7}},"DataVersion":3465}