{"stats":{"minecraft:mined":{"minecraft:jungle_log":9,"minecraft:azalea_leaves":3},"minecraft:crafted":{"minecraft:crafting_table":1,"minecraft:stick":12,"minecraft:wooden_pickaxe":2,"minecraft:jungle_planks":32,"minecraft:wooden_axe":1},"minecraft:used":{"minecraft:wooden_axe":4},"minecraft:custom":{"minecraft:time_since_rest":1,"minecraft:crouch_one_cm":49,"minecraft:deaths":1,"minecraft:play_time":6782,"minecraft:sprint_one_cm":15381,"minecraft:walk_one_cm":21696,"minecraft:damage_taken":220,"minecraft:damage_absorbed":40,"minecraft:sneak_time":40,"minecraft:jump":99,"minecraft:damage_dealt":276,"minecraft:leave_game":1,"minecraft:time_since_death":526,"minecraft:walk_on_water_one_cm":132,"minecraft:total_world_time":6782,"minecraft:climb_one_cm":267,"minecraft:interact_with_crafting_table":1,"minecraft:fall_one_cm":1463,"minecraft:fly_one_cm":17141},"minecraft:picked_up":{"minecraft:jungle_log":8,"alexsmobs:emu_egg":3}},"DataVersion":3465}