{"stats":{"minecraft:mined":{"minecraft:spruce_stairs":1,"minecraft:cactus":3,"minecraft:coarse_dirt":9,"minecraft:packed_mud":1,"minecraft:stripped_spruce_log":9,"minecraft:grass":1,"minecraft:red_sand":1,"minecraft:grass_block":6,"minecraft:jungle_log":5,"minecraft:sand":12,"minecraft:azalea_leaves":1,"minecraft:small_dripleaf":1,"minecraft:spruce_slab":1},"minecraft:crafted":{"minecraft:wooden_sword":1,"minecraft:stick":8,"minecraft:iron_sword":1,"decorative_blocks:spruce_beam":8,"minecraft:jungle_planks":20},"minecraft:used":{"minecraft:iron_sword":6,"minecraft:wooden_sword":5,"minecraft:goat_horn":1,"minecraft:carrot":8,"tombstone:gift":2,"alexsmobs:animal_dictionary":1,"minecraft:stripped_spruce_log":1},"minecraft:killed_by":{"born_in_chaos_v1:baby_skeleton":1,"alexsmobs:emu":1,"alexsmobs:tarantula_hawk":1,"born_in_chaos_v1:zombie_bruiser":1},"minecraft:custom":{"minecraft:time_since_rest":8733,"minecraft:sprint_one_cm":137405,"minecraft:damage_absorbed":195,"minecraft:damage_taken":1255,"minecraft:walk_one_cm":63203,"minecraft:trigger_trapped_chest":2,"minecraft:damage_dealt":522,"minecraft:swim_one_cm":5638,"minecraft:interact_with_crafting_table":6,"minecraft:fly_one_cm":105577,"minecraft:open_chest":1,"minecraft:crouch_one_cm":71,"minecraft:play_time":33777,"minecraft:deaths":5,"minecraft:sneak_time":206,"minecraft:walk_under_water_one_cm":4036,"minecraft:jump":527,"minecraft:leave_game":1,"minecraft:time_since_death":10275,"minecraft:walk_on_water_one_cm":12301,"minecraft:total_world_time":33777,"minecraft:climb_one_cm":230,"minecraft:fall_one_cm":11149},"minecraft:picked_up":{"minecraft:stick":2,"minecraft:coarse_dirt":9,"minecraft:jungle_log":5,"minecraft:spruce_stairs":1,"minecraft:packed_mud":1,"minecraft:sand":20,"minecraft:stripped_spruce_log":9,"minecraft:goat_horn":1,"minecraft:dirt":11,"minecraft:cactus":3,"minecraft:arrow":2,"minecraft:bone":2,"minecraft:red_sand":1,"minecraft:spruce_slab":1}},"DataVersion":3465}