{"stats":{"minecraft:mined":{"minecraft:grass":1,"minecraft:coarse_dirt":7,"minecraft:grass_block":1,"minecraft:red_sand":1,"minecraft:jungle_log":5,"minecraft:sand":7,"minecraft:azalea_leaves":1,"minecraft:small_dripleaf":1},"minecraft:crafted":{"minecraft:wooden_sword":1,"minecraft:stick":8,"minecraft:jungle_planks":20},"minecraft:used":{"minecraft:wooden_sword":5,"alexsmobs:animal_dictionary":1},"minecraft:killed_by":{"born_in_chaos_v1:baby_skeleton":1,"alexsmobs:emu":1,"alexsmobs:tarantula_hawk":1,"born_in_chaos_v1:zombie_bruiser":1},"minecraft:custom":{"minecraft:time_since_rest":5439,"minecraft:walk_one_cm":18090,"minecraft:sprint_one_cm":76011,"minecraft:play_time":21777,"minecraft:damage_taken":1155,"minecraft:damage_absorbed":145,"minecraft:deaths":4,"minecraft:sneak_time":198,"minecraft:walk_under_water_one_cm":4036,"minecraft:jump":404,"minecraft:damage_dealt":494,"minecraft:leave_game":1,"minecraft:walk_on_water_one_cm":12149,"minecraft:time_since_death":6504,"minecraft:climb_one_cm":230,"minecraft:total_world_time":21777,"minecraft:swim_one_cm":5638,"minecraft:interact_with_crafting_table":2,"minecraft:fall_one_cm":8838,"minecraft:fly_one_cm":88898},"minecraft:picked_up":{"minecraft:coarse_dirt":7,"minecraft:bone":2,"minecraft:arrow":2,"minecraft:jungle_log":5,"minecraft:red_sand":1,"minecraft:sand":16,"minecraft:dirt":6}},"DataVersion":3465}