{"stats":{"minecraft:mined":{"minecraft:spruce_stairs":1,"minecraft:cactus":3,"minecraft:coarse_dirt":22,"minecraft:packed_mud":1,"minecraft:stripped_spruce_log":9,"minecraft:grass":3,"minecraft:red_sand":1,"minecraft:grass_block":13,"minecraft:jungle_log":5,"minecraft:sand":20,"minecraft:dirt":1,"minecraft:azalea_leaves":1,"minecraft:small_dripleaf":1,"minecraft:spruce_slab":1},"minecraft:crafted":{"minecraft:wooden_sword":1,"minecraft:wooden_shovel":1,"minecraft:spruce_planks":32,"minecraft:stick":36,"minecraft:iron_sword":1,"decorative_blocks:spruce_beam":8,"minecraft:jungle_planks":20},"minecraft:used":{"minecraft:iron_sword":39,"minecraft:wooden_shovel":30,"minecraft:wooden_sword":5,"minecraft:dirt":5,"minecraft:goat_horn":1,"minecraft:carrot":10,"tombstone:gift":2,"alexsmobs:animal_dictionary":1,"minecraft:coarse_dirt":12,"minecraft:stripped_spruce_log":1},"minecraft:killed":{"minecraft:pillager":1,"born_in_chaos_v1:dread_hound":1,"born_in_chaos_v1:door_knight":1},"minecraft:killed_by":{"born_in_chaos_v1:baby_skeleton":1,"alexsmobs:emu":1,"alexsmobs:tarantula_hawk":1,"born_in_chaos_v1:zombie_bruiser":1},"minecraft:custom":{"minecraft:time_since_rest":1558,"minecraft:sprint_one_cm":158821,"minecraft:damage_absorbed":220,"minecraft:damage_taken":1565,"minecraft:walk_one_cm":77926,"minecraft:trigger_trapped_chest":2,"minecraft:mob_kills":3,"tombstone:raider_killed":1,"minecraft:damage_dealt":1180,"minecraft:swim_one_cm":7366,"minecraft:interact_with_crafting_table":6,"minecraft:fly_one_cm":111389,"minecraft:open_chest":1,"minecraft:crouch_one_cm":71,"tombstone:undead_killed":1,"minecraft:play_time":39777,"minecraft:deaths":6,"minecraft:sneak_time":228,"minecraft:walk_under_water_one_cm":8191,"minecraft:damage_dealt_resisted":1035,"minecraft:jump":566,"minecraft:leave_game":1,"minecraft:time_since_death":1963,"minecraft:walk_on_water_one_cm":14651,"minecraft:total_world_time":39777,"minecraft:climb_one_cm":230,"minecraft:fall_one_cm":12398},"minecraft:picked_up":{"born_in_chaos_v1:monster_flesh":1,"minecraft:stick":2,"minecraft:coarse_dirt":21,"minecraft:jungle_log":5,"minecraft:spruce_stairs":1,"minecraft:packed_mud":1,"minecraft:sand":28,"minecraft:stripped_spruce_log":9,"minecraft:carrot":1,"minecraft:goat_horn":1,"minecraft:dirt":17,"minecraft:cactus":3,"minecraft:arrow":3,"minecraft:bone":4,"minecraft:rotten_flesh":3,"minecraft:wheat_seeds":1,"minecraft:red_sand":1,"minecraft:spruce_slab":1}},"DataVersion":3465}