{"stats":{"minecraft:killed_by":{"alexsmobs:emu":1},"minecraft:custom":{"minecraft:jump":91,"minecraft:time_since_rest":1,"minecraft:deaths":1,"minecraft:damage_absorbed":60,"minecraft:damage_dealt":155,"minecraft:damage_taken":200,"minecraft:leave_game":1,"minecraft:play_time":9777,"minecraft:sprint_one_cm":10248,"minecraft:time_since_death":317,"minecraft:walk_on_water_one_cm":2176,"minecraft:walk_one_cm":2597,"minecraft:total_world_time":9777,"minecraft:interact_with_crafting_table":1,"minecraft:fall_one_cm":1883,"minecraft:fly_one_cm":23333}},"DataVersion":3465}