{"stats":{"minecraft:broken":{"minecraft:wooden_axe":1},"minecraft:mined":{"minecraft:coarse_dirt":9,"minecraft:grass":1,"minecraft:grass_block":43,"minecraft:jungle_log":6,"minecraft:dead_bush":1,"minecraft:dirt":1,"minecraft:sand":22,"minecraft:oak_pressure_plate":1,"minecraft:small_dripleaf":1},"minecraft:dropped":{"minecraft:goat_horn":1,"minecraft:oak_pressure_plate":1},"minecraft:crafted":{"minecraft:crafting_table":2,"minecraft:stick":12,"minecraft:wooden_axe":1,"minecraft:jungle_planks":24},"minecraft:used":{"minecraft:wooden_axe":30,"minecraft:dirt":38,"minecraft:crafting_table":2,"minecraft:goat_horn":1,"minecraft:jungle_planks":7,"minecraft:coarse_dirt":2},"minecraft:killed":{"minecraft:pillager":7,"minecraft:spider":1},"minecraft:killed_by":{"alexsmobs:komodo_dragon":1,"born_in_chaos_v1:zombie_bruiser":2},"minecraft:custom":{"minecraft:time_since_rest":8188,"minecraft:damage_absorbed":202,"minecraft:sprint_one_cm":200073,"minecraft:damage_taken":1078,"minecraft:walk_one_cm":107424,"minecraft:mob_kills":8,"minecraft:drop":2,"tombstone:raider_killed":7,"minecraft:damage_dealt":1918,"minecraft:interact_with_crafting_table":6,"minecraft:fly_one_cm":144729,"minecraft:open_barrel":1,"minecraft:open_chest":5,"minecraft:crouch_one_cm":155,"minecraft:play_time":36553,"minecraft:deaths":4,"minecraft:jump":677,"minecraft:leave_game":1,"minecraft:walk_on_water_one_cm":1290,"minecraft:time_since_death":9471,"minecraft:total_world_time":36553,"minecraft:climb_one_cm":458,"minecraft:fall_one_cm":16781},"minecraft:picked_up":{"minecraft:stick":1,"minecraft:coarse_dirt":9,"minecraft:jungle_log":6,"minecraft:oak_pressure_plate":1,"minecraft:sand":22,"minecraft:dirt":44,"minecraft:cactus":1,"alexsmobs:emu_egg":1,"minecraft:flowering_azalea":1}},"DataVersion":3465}