{"stats":{"minecraft:broken":{"minecraft:wooden_axe":1},"minecraft:mined":{"minecraft:coarse_dirt":10,"minecraft:grass":1,"minecraft:grass_block":43,"minecraft:jungle_log":6,"minecraft:dead_bush":1,"minecraft:dirt":4,"minecraft:sand":27,"minecraft:oak_pressure_plate":1,"minecraft:small_dripleaf":1},"minecraft:dropped":{"minecraft:goat_horn":1,"minecraft:oak_pressure_plate":1},"minecraft:crafted":{"minecraft:crafting_table":2,"minecraft:stick":12,"minecraft:wooden_axe":1,"minecraft:bucket":1,"minecraft:jungle_planks":24},"minecraft:used":{"minecraft:water_bucket":4,"minecraft:wooden_axe":30,"minecraft:dirt":43,"minecraft:crafting_table":2,"minecraft:goat_horn":3,"minecraft:jungle_planks":7,"minecraft:bucket":4,"minecraft:crossbow":3,"minecraft:coarse_dirt":2},"minecraft:killed":{"minecraft:pillager":8,"minecraft:spider":1},"minecraft:killed_by":{"alexsmobs:komodo_dragon":1,"born_in_chaos_v1:zombie_bruiser":2},"minecraft:custom":{"minecraft:time_since_rest":4617,"minecraft:damage_absorbed":227,"minecraft:sprint_one_cm":240607,"minecraft:damage_taken":1198,"minecraft:walk_one_cm":143607,"minecraft:trigger_trapped_chest":1,"minecraft:mob_kills":9,"minecraft:drop":2,"tombstone:raider_killed":8,"minecraft:damage_dealt":1938,"minecraft:interact_with_crafting_table":11,"minecraft:fly_one_cm":161422,"minecraft:open_barrel":1,"minecraft:open_chest":5,"minecraft:crouch_one_cm":155,"minecraft:play_time":42553,"minecraft:deaths":5,"minecraft:jump":752,"minecraft:leave_game":1,"minecraft:walk_on_water_one_cm":1290,"minecraft:time_since_death":4991,"minecraft:total_world_time":42553,"minecraft:climb_one_cm":458,"minecraft:fall_one_cm":18499},"minecraft:picked_up":{"minecraft:stick":1,"minecraft:coarse_dirt":10,"minecraft:jungle_log":6,"minecraft:oak_pressure_plate":1,"minecraft:sand":26,"minecraft:dirt":47,"minecraft:cactus":1,"alexsmobs:emu_egg":1,"minecraft:flowering_azalea":1}},"DataVersion":3465}