{"stats":{"minecraft:mined":{"minecraft:grass":1,"minecraft:grass_block":31,"minecraft:coarse_dirt":4,"minecraft:jungle_log":6,"minecraft:small_dripleaf":1},"minecraft:crafted":{"minecraft:crafting_table":2,"minecraft:stick":12,"minecraft:jungle_planks":24,"minecraft:wooden_axe":1},"minecraft:used":{"minecraft:wooden_axe":2,"minecraft:crafting_table":2},"minecraft:killed":{"minecraft:spider":1},"minecraft:killed_by":{"alexsmobs:komodo_dragon":1,"born_in_chaos_v1:zombie_bruiser":2},"minecraft:custom":{"minecraft:time_since_rest":4634,"minecraft:crouch_one_cm":155,"minecraft:walk_one_cm":38442,"minecraft:sprint_one_cm":140208,"minecraft:play_time":24553,"minecraft:damage_taken":673,"minecraft:damage_absorbed":107,"minecraft:deaths":3,"minecraft:mob_kills":1,"minecraft:jump":496,"minecraft:damage_dealt":239,"minecraft:leave_game":1,"minecraft:time_since_death":5276,"minecraft:walk_on_water_one_cm":1290,"minecraft:total_world_time":24553,"minecraft:interact_with_crafting_table":5,"minecraft:fall_one_cm":12883,"minecraft:fly_one_cm":117446},"minecraft:picked_up":{"minecraft:coarse_dirt":4,"minecraft:jungle_log":6,"alexsmobs:emu_egg":1,"minecraft:dirt":31,"minecraft:flowering_azalea":1}},"DataVersion":3465}