{"stats":{"minecraft:mined":{"minecraft:jungle_log":2},"minecraft:crafted":{"minecraft:crafting_table":1,"minecraft:stick":8,"minecraft:jungle_planks":12},"minecraft:used":{"minecraft:crafting_table":1},"minecraft:custom":{"minecraft:jump":101,"minecraft:time_since_rest":12553,"minecraft:leave_game":1,"minecraft:play_time":12553,"minecraft:sprint_one_cm":41813,"minecraft:damage_taken":205,"minecraft:time_since_death":12553,"minecraft:walk_one_cm":15397,"minecraft:total_world_time":12553,"minecraft:interact_with_crafting_table":4,"minecraft:fall_one_cm":1999,"minecraft:fly_one_cm":24774},"minecraft:picked_up":{"minecraft:jungle_log":3,"minecraft:flowering_azalea":1}},"DataVersion":3465}